brand,PSmodelName,PSproductKey,category
HONOR,HONOR View 20 (8+128GB),honor-view-20-8-128gb,Mobile
HONOR,HONOR 9X Lite (4 + 128GB),honor-9x-lite-4-128gb,Mobile
HONOR,HONOR 9X (6 + 128GB),honor-9x-6-128gb,Mobile
HONOR,HONOR 8X Max (4+128GB),honor-8x-max-4-plus-128gb,Mobile
HONOR,HONOR 8S (3+64GB),honor-8s-3-64gb,Mobile
HONOR,HONOR 8S (2+32GB),honor-8s-2-plus-32gb,Mobile
HONOR,HONOR 8A (3 + 64GB),honor-8a-3-64gb,Mobile
HONOR,HONOR 9S (2+32GB),honor-9s-2-32gb,Mobile
HONOR,HONOR 9A (3+64GB),honor-9a-3-64gb,Mobile
HONOR,HONOR 50 (6+128GB),honor-50-6-plus-128gb,Mobile
HONOR,HONOR 50 (8+256GB),honor-50-8-plus-256gb,Mobile
HONOR,HONOR 50 (12+256GB),honor-50-12-plus-256gb,Mobile
HONOR,HONOR 50 SE (8+128GB),honor-50-se-8-plus-128gb,Mobile
HONOR,HONOR 50 SE (8+256GB),honor-50-se-8-plus-256gb,Mobile
HONOR,HONOR 50 Pro (8+256GB),honor-50-pro-8-plus-256gb,Mobile
HONOR,HONOR 50 Pro (12+256GB),honor-50-pro-12-plus-256gb,Mobile
HONOR,HONOR 8S Prime (3+64GB),honor-8s-prime-3-plus-64gb,Mobile
HONOR,HONOR 8A (3+64GB),honor-8a-3-plus-64gb,Mobile
HONOR,HONOR 7S (2+16GB),honor-7s-2-plus-16gb,Mobile
HONOR,HONOR 10 Lite (3+64GB),honor-10-lite-3-plus-64gb,Mobile
HONOR,HONOR 50 Lite (8+128GB),honor-50-lite-8-plus-128gb,Mobile
HONOR,HONOR X8 (6+128GB),honor-x8-6-plus-128gb,Mobile
HONOR,HONOR X7 (6+128GB),honor-x7-6-plus-128gb,Mobile
HONOR,HONOR X9 (8+128GB),honor-x9-8-plus-128gb,Mobile
HONOR,HONOR X9 (8+256GB),honor-x9-8-plus-256gb,Mobile
HONOR,HONOR X9 5G (8+128GB),honor-x9-5g-8-plus-128gb,Mobile
HONOR,HONOR X7 (4+128GB),honor-x7-4-plus-128gb,Mobile
HONOR,HONOR Magic4 Pro (8+256GB),honor-magic4-pro-8-plus-256gb,Mobile
HUAWEI,HUAWEI Y9s (6 + 128GB),huawei-y9s-6-plus-128gb,Mobile
HUAWEI,HUAWEI Y7a (4 + 128 GB),huawei-y7a-4-plus-128-gb,Mobile
HUAWEI,HUAWEI Y6p (4 + 64GB),huawei-y6p-4-plus-64gb,Mobile
HUAWEI,HUAWEI P40 Pro (8+256GB),huawei-p40-pro-8plus256gb,Mobile
HUAWEI,HUAWEI P40 (8+128GB),huawei-p40-8plus128gb,Mobile
HUAWEI,HUAWEI P30 Pro (8 + 256GB),huawei-p30-pro-8-plus-256gb,Mobile
HUAWEI,HUAWEI P30 (8 + 128GB),huawei-p30-8-plus-128gb,Mobile
HUAWEI,HUAWEI P10 (4 + 64GB),huawei-p10-4-plus-64gb,Mobile
HUAWEI,HUAWEI nova 7i (8+128GB),huawei-nova-7i-8-plus-128gb,Mobile
HUAWEI,HUAWEI Nova 7 SE 5G (8 + 128GB),huawei-nova-7-se-5g-8-plus-128gb,Mobile
HUAWEI,HUAWEI Nova 7 5G (8 + 256GB),huawei-nova-7-5g-8-plus-256gb,Mobile
HUAWEI,HUAWEI Nova 5T (8 + 128GB),huawei-nova-5t-8-plus-128gb,Mobile
HUAWEI,HUAWEI Nova 4e (6 + 128GB),huawei-nova-4e-6-plus-128gb,Mobile
HUAWEI,HUAWEI Mate 40 Pro 5G (8+256GB),huawei-mate-40-pro-5g-8-plus-256gb,Mobile
HUAWEI,HUAWEI Mate 40 5G (8 + 256GB),huawei-mate-40-5g-8-plus-256gb,Mobile
HUAWEI,HUAWEI Mate 30 Pro 5G (8+256GB),huawei-mate-30-pro-5g-8-plus-256gb,Mobile
HUAWEI,HUAWEI Mate 30 Pro (8+256GB),huawei-mate-30-pro-8-plus-256gb,Mobile
HUAWEI,HUAWEI Mate 30 (8 + 128GB),huawei-mate-30-8-plus-128gb,Mobile
Huawei,Huawei Y7p (4+64GB),huawei-y7p-4plus64gb,Mobile
HUAWEI,HUAWEI Y5p (2+32GB),huawei-y5p-2-32gb,Mobile
HUAWEI,HUAWEI Y5 (2+32GB),huawei-y5-2plus32gb,Mobile
HUAWEI,HUAWEI Nova 8i (8+128GB),huawei-nova-8i-8plus128gb,Mobile
HUAWEI,HUAWEI Y9 Prime (2019) (4+64GB),huawei-y9-prime-2019-4-plus-64gb,Mobile
HUAWEI,HUAWEI Y9 Prime (2019) (4+128GB),huawei-y9-prime-2019-4-plus-128gb,Mobile
HUAWEI,HUAWEI Nova 2i (4+64GB),huawei-nova-2i-4-plus-64gb,Mobile
HUAWEI,HUAWEI nova 8 (8+128GB),huawei-nova-8-8-plus-128gb,Mobile
HUAWEI,HUAWEI nova 8 (8+256GB),huawei-nova-8-8-plus-256gb,Mobile
HUAWEI,HUAWEI nova 9 (8+128GB),huawei-nova-9-8-plus-128gb,Mobile
HUAWEI,HUAWEI nova 9 Pro (8+128GB),huawei-nova-9-pro-8-plus-128gb,Mobile
HUAWEI,HUAWEI nova 9 Pro (8+256GB),huawei-nova-9-pro-8-plus-256gb,Mobile
HUAWEI,HUAWEI NOVA 2 LITE (3+32GB),huawei-nova-2-lite-3-plus-32gb,Mobile
HUAWEI,HUAWEI nova 9 (8+256GB),huawei-nova-9-8-plus-256gb,Mobile
HUAWEI,HUAWEI P50 Pocket (8+256GB),huawei-p50-pocket-8-plus-256gb,Mobile
HUAWEI,HUAWEI P50 Pocket Premium Edition (12+512GB),huawei-p50-pocket-premium-edition-12-plus-512gb,Mobile
HUAWEI,HUAWEI P50 Pro (8+256GB),huawei-p50-pro-8-plus-256gb,Mobile
HUAWEI,Huawei Nova 9 SE (8+128GB),huawei-nova-9-se-8-plus-128gb,Mobile
HUAWEI,Huawei Mate Xs 2 (8+512GB),huawei-mate-xs-2-8-plus-512gb,Mobile
HUAWEI,Huawei Nova Y70 (4+128GB),huawei-nova-y70-4-plus-128gb,Mobile
HUAWEI,Huawei P50 (8+256GB),huawei-p50-8-plus-256gb,Mobile
HUAWEI,HUAWEI P40 Pro+ (8+512GB),huawei-p40-pro-plus-8-plus-512gb,Mobile
Infinix,Infinix Smart 5 (3 + 64GB),infinix-smart-5-3-plus-64gb,Mobile
Infinix,Infinix Note 8 (6+128GB),infinix-note-8-6plus128gb,Mobile
Infinix,Infinix Hot 10 (4+64GB),infinix-hot-10-4plus64gb,Mobile
Infinix,Infinix Hot 10 (6+128GB),infinix-hot-10-6plus128gb,Mobile
Infinix,Infinix Smart 5 (2+32GB),infinix-smart-5-2plus32gb,Mobile
Infinix,Infinix Hot 10s (4+64GB),infinix-hot-10s-4plus64gb,Mobile
Infinix,Infinix Hot 10s (4+128GB),infinix-hot-10s-4plus128gb,Mobile
Infinix,Infinix Hot 10 Play (4+64GB),infinix-hot-10-play-4-plus-64gb,Mobile
Infinix,Infinix Hot 10 Play (2+32GB),infinix-hot-10-play-2-plus-32gb,Mobile
Infinix,Infinix Hot 10s (6+128GB),infinix-hot-10s-6-plus-128gb,Mobile
Infinix,Infinix Hot 10s (6+64GB),infinix-hot-10s-6-plus-64gb,Mobile
Infinix,Infinix Zero X Neo (8+128GB),infinix-zero-x-neo-8-plus-128gb,Mobile
Infinix,Infinix Zero X Pro (8+128GB),infinix-zero-x-pro-8-plus-128gb,Mobile
Infinix,Infinix Zero X Pro (8+256GB),infinix-zero-x-pro-8-plus-256gb,Mobile
Infinix,Infinix Zero X (8+128GB),infinix-zero-x-8-plus-128gb,Mobile
Infinix,Infinix Note 10 Pro (6+128GB),infinix-note-10-pro-6-plus-128gb,Mobile
Infinix,Infinix Note 10 Pro (8+256GB),infinix-note-10-pro-8-plus-256gb,Mobile
Infinix,Infinix Zero 5G (8+128GB),infinix-zero-5g-8-plus-128gb,Mobile
Infinix,Infinix HOT 11 PLAY (4+64GB),infinix-hot-11-play-4-plus-64gb,Mobile
Infinix,Infinix HOT 11 PLAY (4+128GB),infinix-hot-11-play-4-plus-128gb,Mobile
Infinix,Infinix HOT 11 PLAY (3+32GB),infinix-hot-11-play-3-plus-32gb,Mobile
Infinix,Infinix Note 12 G88 (4+64GB),infinix-note-12-g88-4-plus-64gb,Mobile
Infinix,Infinix Note 12 G88 (4+128GB),infinix-note-12-g88-4-plus-128gb,Mobile
Infinix,Infinix Note 12 G88 (6+128GB),infinix-note-12-g88-6-plus-128gb,Mobile
Infinix,Infinix Note 12 G96 (8+256GB),infinix-note-12-g96-8-plus-256gb,Mobile
Infinix,Infinix Smart 6 (2+32GB),infinix-smart-6-2-plus-32gb,Mobile
Infinix,Infinix Smart 6 (3+64GB),infinix-smart-6-3-plus-64gb,Mobile
Infinix,Infinix Note 10 Pro (8+128GB),infinix-note-10-pro-8-plus-128gb,Mobile
Infinix,Infinix Note 12 G96 (8+128GB),infinix-note-12-g96-8-plus-128gb,Mobile
Nokia,Nokia C2,nokia-c2,Mobile
Nokia,Nokia 8.1 (4 + 64GB),nokia-8-1-4-plus-64gb,Mobile
Nokia,Nokia 6.1+ (4+64GB),nokia-6-1plus-4plus64gb,Mobile
Nokia,Nokia 5.4 (4 + 128GB),nokia-5-4-4-plus-128gb,Mobile
Nokia,Nokia 3.4 (3 + 64GB),nokia-3-4-3-plus-64gb,Mobile
Nokia,Nokia 3.2 (3 + 32GB),nokia-3-2-3-plus-32gb,Mobile
Nokia,Nokia 2.3,nokia-2-3,Mobile
Nokia,Nokia 105 (2019),nokia-105-2019,Mobile
Nokia,Nokia 110 (2019),nokia-110-2019,Mobile
Nokia,Nokia 150 (2020),nokia-150-2020,Mobile
Nokia,Nokia 210,nokia-210,Mobile
Nokia,Nokia 225,nokia-225,Mobile
Nokia,Nokia 1.4 (3 + 64GB),nokia-1-4-3-plus-64gb,Mobile
Nokia,Nokia C01 Plus (2+16GB),nokia-c01-plus-2-plus-16gb,Mobile
Nokia,Nokia C20 (1+16GB),nokia-c20-1-plus-16gb,Mobile
Nokia,Nokia C20 (2+16GB),nokia-c20-2-plus-16gb,Mobile
Nokia,Nokia C20 (2+32GB),nokia-c20-2-plus-32gb,Mobile
Nokia,Nokia X20 (6+128GB),nokia-x20-6-plus-128gb,Mobile
Nokia,Nokia X20 (8+128GB),nokia-x20-8-plus-128gb,Mobile
Nokia,Nokia 106 (2018),nokia-106-2018,Mobile
Nokia,Nokia 2.2 (3+32GB),nokia-2-2-3-plus-32gb,Mobile
Nokia,Nokia 6.1 (4+64GB),nokia-6-1-4-plus-64gb,Mobile
nokia,Nokia 3.4 (3+32GB),nokia-3-4-3-plus-32gb,Mobile
nokia,Nokia 5.3 (4 + 64GB),nokia-5-3-4-plus-64gb,Mobile
Nokia,Nokia 110 4G (48MB+128MB),nokia-110-4g-48mb128mb,Mobile
Nokia,Nokia G10 (4+64GB),nokia-g10-4-plus-64gb,Mobile
Nokia,Nokia 105 4G,nokia-105-4g,Mobile
Nokia,Nokia G21 (6+128GB),nokia-g21-6-plus-128gb,Mobile
Nokia,Nokia C21 (2+32GB),nokia-c21-2-plus-32gb,Mobile
Nokia,Nokia 6300 4G (512MB+4GB),nokia-6300-4g-512mb-plus-4gb,Mobile
Nokia,Nokia C21 Plus (3+32GB),nokia-c21-plus-3-plus-32gb,Mobile
Nokia,Nokia 3310 Dual SIM,nokia-3310-dual-sim,Mobile
OPPO,OPPO Reno5 Pro 5G (8 + 128GB),oppo-reno5-pro-5g-8-plus-128gb,Mobile
OPPO,OPPO Reno5 Pro 5G (12+256GB),oppo-reno5-pro-5g-12plus256gb,Mobile
OPPO,OPPO Reno5 Pro + 5G (12 + 256GB),oppo-reno5-pro-plus-5g-12-plus-256gb,Mobile
OPPO,OPPO Reno5 5G (8+128GB),oppo-reno5-5g-8-plus-128gb,Mobile
OPPO,OPPO Reno4 Pro 5G (8 + 128GB),oppo-reno4-pro-5g-8-plus-128gb,Mobile
OPPO,OPPO Reno4 Pro 5G (12 + 256GB),oppo-reno4-pro-5g-12-plus-256gb,Mobile
OPPO,OPPO Reno4 5G (8 + 128GB),oppo-reno4-5g-8-plus-128gb,Mobile
OPPO,OPPO Reno2 Z (8GB + 128GB),oppo-reno2-z-8gb-plus-128gb,Mobile
OPPO,OPPO Reno 5 Pro + Plus Artist Limited Edition (12 + 256GB),oppo-reno-5-pro-plus-plus-artist-limited-edition-12-plus-256gb,Mobile
OPPO,OPPO Reno 3 Pro 5G (8 + 128GB),oppo-reno-3-pro-5g-8-plus-128gb,Mobile
OPPO,OPPO Reno 3 Pro 5G (12 + 256GB),oppo-reno-3-pro-5g-12-plus-256gb,Mobile
OPPO,OPPO Reno 3 (8 + 128GB),oppo-reno-3-8-plus-128gb,Mobile
OPPO,OPPO Reno 3 (12 + 128GB),oppo-reno-3-12-plus-128gb,Mobile
OPPO,OPPO Reno 2 (8 + 256GB),oppo-reno-2-8-plus-256gb,Mobile
OPPO,OPPO Reno 10X zoom tenfold version (8 + 256GB),oppo-reno-10x-zoom-tenfold-version-8-plus-256gb,Mobile
OPPO,OPPO Reno (6+256GB),oppo-reno-6-plus-256gb,Mobile
OPPO,OPPO R17 Pro (8 + 128GB),oppo-r17-pro-8-plus-128gb,Mobile
OPPO,OPPO R11s (4 + 64GB),oppo-r11s-4-plus-64gb,Mobile
OPPO,OPPO Find X2 Pro (12 + 512GB),oppo-find-x2-pro-12-plus-512gb,Mobile
OPPO,OPPO A93 (8 + 128GB),oppo-a93-8-plus-128gb,Mobile
OPPO,OPPO A9 2020 (8 + 128GB),oppo-a9-2020-8-plus-128gb,Mobile
OPPO,OPPO A73,oppo-a73,Mobile
OPPO,OPPO A32 (4 + 128GB),oppo-a32-4-plus-128gb,Mobile
OPPO,OPPO A31 (6+128GB),oppo-a31-6-128gb,Mobile
OPPO,OPPO A31 (4+128GB),oppo-a31-4plus128gb,Mobile
OPPO,OPPO A31 (4+64GB),oppo-a31-4-plus-64gb,Mobile
OPPO,OPPO A15 (3 + 32GB),oppo-a15-3-plus-32gb,Mobile
OPPO,OPPO A73 (6 + 128GB),oppo-a73-6-plus-128gb,Mobile
OPPO,OPPO Reno4 Pro (8 + 256GB),oppo-reno4-pro-8-plus-256gb,Mobile
OPPO,OPPO A15s (4 + 64GB),oppo-a15s-4-plus-64gb,Mobile
OPPO,OPPO Reno4 (8+128GB),oppo-reno4-8-plus-128gb,Mobile
OPPO,OPPO Reno5 F (8+128GB),oppo-reno-5f-8plus128gb,Mobile
OPPO,OPPO A54 (4+64GB),oppo-a54-4plus64gb,Mobile
OPPO,OPPO A54 (4+128GB),oppo-a54-4plus128gb,Mobile
OPPO,OPPO Find X3 Pro (12+256GB),oppo-find-x3-pro-12plus256gb,Mobile
OPPO,OPPO A74 (6+128GB),oppo-a74-6plus128gb,Mobile
OPPO,OPPO A74 5G (6+128GB),oppo-a74-5g-6plus128gb,Mobile
OPPO,OPPO A12e (3 + 64GB),oppo-a12e-3-64gb,Mobile
OPPO,OPPO A92 (8 + 128GB),oppo-a92-8-128gb,Mobile
OPPO,OPPO Reno3 Pro (8 + 256GB),oppo-reno3-pro-8-256gb,Mobile
OPPO,OPPO A53 (4 + 64GB),oppo-a53-4-64gb,Mobile
OPPO,OPPO A53 (4 + 128GB),oppo-a53-4-128gb,Mobile
OPPO,OPPO F9 (6 + 64GB),oppo-f9-6-plus-64gb,Mobile
OPPO,OPPO Find X2 (12+256GB),oppo-find-x2-12-256gb,Mobile
OPPO,OPPO A12 (4+64GB),oppo-a12-4plus64gb,Mobile
OPPO,OPPO A5s (3+32GB),oppo-a5s-3plus32gb,Mobile
OPPO,OPPO A16 (4+64GB),oppo-a16-4-64gb,Mobile
OPPO,OPPO A16 (3+32GB),oppo-a16-3-plus-32gb,Mobile
OPPO,OPPO A16 (4+256GB),oppo-a16-4-plus-256gb,Mobile
OPPO,OPPO Reno6 5G (8+128GB),oppo-reno6-5g-8-plus-128gb,Mobile
OPPO,OPPO Reno6 Z 5G (8+128GB),oppo-reno6-z-8-128gb,Mobile
OPPO,OPPO Reno6 Pro 5G (Snapdragon) (12+256GB),oppo-reno6-pro-5g-snapdragon-12-plus-256gb,Mobile
OPPO,OPPO Reno 10x zoom (8+256GB) [FC Barcelona Edition],oppo-reno-10x-zoom-8-plus-256gb-fc-barcelona-edition,Mobile
OPPO,OPPO Find X2 Pro (12+512GB) [Green Vegan Leather Edition],oppo-find-x2-pro-12-plus-512gb-green-vegan-leather-edition,Mobile
OPPO,OPPO A95 (8+128GB),oppo-a95-8plus128gb,Mobile
OPPO,OPPO A95 5G (8+128GB),oppo-a95-5g-8-plus-128gb,Mobile
OPPO,OPPO A95 5G (8+256GB),oppo-a95-5g-8-plus-256gb,Mobile
OPPO,OPPO A16k (3+32GB),oppo-a16k-3-plus-32gb,Mobile
OPPO,OPPO A16k (4+64GB),oppo-a16k-4-plus-64gb,Mobile
OPPO,OPPO Reno7 5G (8+256GB),oppo-reno7-5g-8-plus-256gb,Mobile
OPPO,OPPO Reno7 Pro 5G (12+256GB),oppo-reno7-pro-5g-12-plus-256gb,Mobile
OPPO,OPPO A76 (6+128GB),oppo-a76-6-plus-128gb,Mobile
OPPO,Oppo Reno7 Z 5G (8+128GB),oppo-reno7-z-5g-8-plus-128gb,Mobile
OPPO,Oppo A96 (8+128GB),oppo-a96-8-plus-128gb,Mobile
OPPO,Oppo A96 (8+256GB),oppo-a96-8-plus-256gb,Mobile
OPPO,OPPO A83 (4+32GB),oppo-a83-4-plus-32gb,Mobile
OPPO,Oppo Find X5 Pro (12+256GB),oppo-find-x5-pro-12-plus-256gb,Mobile
OPPO,Oppo A77 5G (6+128GB),oppo-a77-5g-6-plus-128gb,Mobile
OPPO,Oppo A77 5G (4+64GB),oppo-a77-5g-4-plus-64gb,Mobile
OPPO,Oppo A57 4G (4+64GB),oppo-a57-4g-4-plus-64gb,Mobile
realme,realme X7 Pro (8+256GB),realme-x7-pro-8-256gb,Mobile
realme,realme X7 Pro (8+128GB),realme-x7-pro-8-128gb,Mobile
realme,realme X50 Pro 5G (8+128GB),realme-x50-pro-5g-8-plus-128gb,Mobile
realme,realme X3 SuperZoom (8+128GB),realme-x3-superzoom-8-plus-128gb,Mobile
realme,realme X3 SuperZoom (12 + 256GB),realme-x3-superzoom-12-plus-256gb,Mobile
realme,realme C3,realme-c3,Mobile
realme,realme C17 (6+ 256GB),realme-c17-6plus-256gb,Mobile
realme,realme C15 (4 + 64GB),realme-c15-4-plus-64gb,Mobile
realme,realme C15 (4+128 GB),realme-c15-4-plus-128-gb,Mobile
realme,realme C11 (2 + 32GB),realme-c11-2-plus-32gb,Mobile
realme,realme 7i (8+128GB),realme-7i-8-128gb,Mobile
realme,realme 7 Pro (8 + 128GB),realme-7-pro-8-plus-128gb,Mobile
realme,realme 7 (8 + 128GB),realme-7-8-plus-128gb,Mobile
realme,realme 6i (4 + 128GB),realme-6i-4-plus-128gb,Mobile
realme,realme 6 Pro (8 + 128GB),realme-6-pro-8-plus-128gb,Mobile
realme,realme 6 (8 + 128GB),realme-6-8-plus-128gb,Mobile
realme,realme 6 (4 + 128GB),realme-6-4-plus-128gb,Mobile
realme,realme 5i (4 + 64GB),realme-5i-4-plus-64gb,Mobile
realme,realme C21 (3 + 32GB),realme-c21-3-plus-32gb,Mobile
realme,realme C12 (3+32GB),realme-c12-3plus32gb,Mobile
realme,realme 7 5G (8 + 128GB),realme-7-5g-8-plus-128gb,Mobile
realme,realme 8 Pro (8+128GB),realme-8-pro-8plus128gb,Mobile
realme,realme 8 5G (8+128GB),realme-8-5g-8-128gb,Mobile
realme,realme 7i (4 + 128GB),realme-7i-4-128gb,Mobile
realme,realme C21 (4+64GB),realme-c21-4-64gb,Mobile
realme,realme GT Master Edition (8+128GB),realme-gt-master-edition-8-plus-128gb,Mobile
realme,realme GT Master Edition (8+256GB),realme-gt-master-edition-8-plus-256gb,Mobile
realme,realme GT Master Edition (6+128GB),realme-gt-master-edition-6-plus-128gb,Mobile
realme,realme C21Y (4+64GB),realme-c21y-4-plus-64gb,Mobile
realme,realme C21Y (3+32GB),realme-c21y-3-plus-32gb,Mobile
realme,realme C25s (4+128GB),realme-c25s-4-plus-128gb,Mobile
realme,realme C25s (4+64GB),realme-c25s-4-plus-64gb,Mobile
realme,realme GT 5G (8+128GB),realme-gt-5g-8-plus-128gb,Mobile
realme,realme GT 5G (12+256GB),realme-gt-5g-12-plus-256gb,Mobile
realme,realme GT 5G (8+256GB),realme-gt-5g-8-plus-256gb,Mobile
realme,realme GT 5G (12+128GB),realme-gt-5g-12-plus-128gb,Mobile
realme,realme Narzo 20 (4+64GB),realme-narzo-20-4-plus-64gb,Mobile
realme,realme Narzo 20 (4+128GB),realme-narzo-20-4-plus-128gb,Mobile
realme,realme Narzo 30 (4+64GB),realme-narzo-30-4-plus-64gb,Mobile
realme,realme Narzo 30 (6+64GB),realme-narzo-30-6-plus-64gb,Mobile
realme,realme Narzo 30 (4+128GB),realme-narzo-30-4-plus-128gb,Mobile
realme,realme Narzo 30 (6+128GB),realme-narzo-30-6-plus-128gb,Mobile
realme,realme Narzo 30 5G (4+64GB),realme-narzo-30-5g-4-plus-64gb,Mobile
realme,realme Narzo 30 5G (4+128GB),realme-narzo-30-5g-4-plus-128gb,Mobile
realme,realme Narzo 30 5G (6+128GB),realme-narzo-30-5g-6-plus-128gb,Mobile
realme,realme Narzo 30 Pro 5G (6+64GB),realme-narzo-30-pro-5g-6-plus-64gb,Mobile
realme,realme Narzo 30 Pro 5G (8+128GB),realme-narzo-30-pro-5g-8-plus-128gb,Mobile
realme,realme Narzo 20 Pro (8+128GB),realme-narzo-20-pro-8-128gb,Mobile
realme,realme Narzo 20 Pro (6+64GB),realme-narzo-20-pro-6-plus-64gb,Mobile
realme,realme narzo 30A (4+64GB),realme-narzo-30a-4plus64gb,Mobile
realme,realme Narzo 30A (3+32GB),realme-narzo-30a-3-plus-32gb,Mobile
realme,realme GT Neo 2 (12+256GB),realme-gt-neo-2-12-plus-256gb,Mobile
realme,realme narzo 50i (4+64GB),realme-narzo-50i-4-plus-64gb,Mobile
realme,realme 9i (4+128GB),realme-9i-4-plus-128gb,Mobile
realme,realme 9i (6+128GB),realme-9i-6-plus-128gb,Mobile
realme,realme C25Y (4+64GB),realme-c25y-4-plus-64gb,Mobile
realme,realme C25Y (4+128GB),realme-c25y-4-plus-128gb,Mobile
realme,realme narzo 50i (2+32GB),realme-narzo-50i-2-plus-32gb,Mobile
realme,realme C35 (4+64GB),realme-c35-4-plus-64gb,Mobile
realme,realme C35 (4+128GB),realme-c35-4-plus-128gb,Mobile
realme,Realme 9 Pro (6+128GB),realme-9-pro-6-plus-128gb,Mobile
realme,Realme 9 Pro (8+128GB),realme-9-pro-8-plus-128gb,Mobile
realme,Realme 9 Pro+ (6+128GB),realme-9-pro-plus-6-plus-128gb,Mobile
realme,Realme 9 Pro+ (8+128GB),realme-9-pro-plus-8-plus-128gb,Mobile
realme,Realme 9 Pro+ (8+256GB),realme-9-pro-plus-8-plus-256gb,Mobile
realme,Realme C11 (2021) (2+32GB),realme-c11-2021-2-plus-32gb,Mobile
realme,Realme C11 (2021) (4+64GB),realme-c11-2021-4-plus-64gb,Mobile
realme,realme C3 (3+32GB),realme-c3-3-plus-32gb,Mobile
realme,Realme GT2 Pro (8+128GB),realme-gt2-pro-8-plus-128gb,Mobile
realme,Realme GT2 Pro (8+256GB),realme-gt2-pro-8-plus-256gb,Mobile
realme,Realme GT2 Pro (12+256GB),realme-gt2-pro-12-plus-256gb,Mobile
realme,Realme GT2 Pro (12+512GB),realme-gt2-pro-12-plus-512gb,Mobile
realme,Realme Narzo 50 (4+64GB),realme-narzo-50-4-plus-64gb,Mobile
realme,Realme Narzo 50 (6+128GB),realme-narzo-50-6-plus-128gb,Mobile
realme,Realme Narzo 50A Prime (4+64GB),realme-narzo-50a-prime-4-plus-64gb,Mobile
realme,Realme Narzo 50A Prime (4+128GB),realme-narzo-50a-prime-4-plus-128gb,Mobile
realme,Realme 9 (6+128GB),realme-9-6-plus-128gb,Mobile
realme,Realme 9 (8+128GB),realme-9-8-plus-128gb,Mobile
realme,realme C11(4+64GB),realme-c114-plus-64gb,Mobile
realme,Realme 9 5G (6+128GB),realme-9-5g-6-plus-128gb,Mobile
realme,Realme 9 5G (4+64GB),realme-9-5g-4-plus-64gb,Mobile
realme,Realme Narzo 50 5G (4+64GB),realme-narzo-50-5g-4-plus-64gb,Mobile
realme,Realme Narzo 50 5G (4+128GB),realme-narzo-50-5g-4-plus-128gb,Mobile
realme,Realme Narzo 50 5G (6+128GB),realme-narzo-50-5g-6-plus-128gb,Mobile
realme,Realme Narzo 50 Pro 5G (6+128GB),realme-narzo-50-pro-5g-6-plus-128gb,Mobile
realme,Realme Narzo 50 Pro 5G (8+128GB),realme-narzo-50-pro-5g-8-plus-128gb,Mobile
realme,Realme GT Neo 3 (6+128GB),realme-gt-neo-3-6-plus-128gb,Mobile
realme,Realme GT Neo 3 (8+128GB),realme-gt-neo-3-8-plus-128gb,Mobile
realme,Realme GT Neo 3 (8+256GB),realme-gt-neo-3-8-plus-256gb,Mobile
realme,Realme GT Neo 3 (12+256GB),realme-gt-neo-3-12-plus-256gb,Mobile
realme,Realme Narzo 50A (4+128GB),realme-narzo-50a-4-plus-128gb,Mobile
Samsung,Samsung Galaxy Z Fold2 5G (12 + 512GB),samsung-galaxy-z-fold2-5g-12-plus-512gb,Mobile
Samsung,Samsung Galaxy Z Fold2 5G (12 + 256GB),samsung-galaxy-z-fold2-5g-12-plus-256gb,Mobile
Samsung,Samsung Galaxy Z Flip (8 + 256GB),samsung-galaxy-z-flip-8-plus-256gb,Mobile
Samsung,Samsung Galaxy S9 + 128GB,samsung-galaxy-s9-plus-128gb,Mobile
Samsung,Samsung Galaxy S9 (4 + 64GB),samsung-galaxy-s9-4-plus-64gb,Mobile
Samsung,Samsung Galaxy S8 + (4 + 64GB),samsung-galaxy-s8-plus-4-plus-64gb,Mobile
Samsung,Samsung Galaxy S21 Ultra 5G (16+512GB),samsung-galaxy-s21-ultra-5g-16-plus-512gb,Mobile
Samsung,Samsung Galaxy S21 Ultra 5G (12 + 256GB),samsung-galaxy-s21-ultra-5g-12-plus-256gb,Mobile
Samsung,Samsung Galaxy S21 Ultra 5G (12 + 128GB),samsung-galaxy-s21-ultra-5g-12-plus-128gb,Mobile
Samsung,Samsung Galaxy S21 5G (8+256GB),samsung-galaxy-s21-5g-8-plus-256gb,Mobile
Samsung,Samsung Galaxy S21 5G (8+128GB),samsung-galaxy-s21-5g-8-plus-128gb,Mobile
Samsung,Samsung Galaxy S21+ 5G (8+256GB),samsung-galaxy-s21-plus-5g-8-plus-256gb,Mobile
Samsung,Samsung Galaxy S21+ 5G (8 + 128GB),samsung-galaxy-s21-plus-5g-8-plus-128gb,Mobile
Samsung,Samsung Galaxy S20 Ultra 5G (12 + 128GB),samsung-galaxy-s20-ultra-5g-12-plus-128gb,Mobile
Samsung,Samsung Galaxy S20 Ultra (12 + 128GB),samsung-galaxy-s20-ultra-12-plus-128gb,Mobile
Samsung,Samsung Galaxy S20 FE 5G (8+256GB),samsung-galaxy-s20-fe-5g-8-plus-256gb,Mobile
Samsung,Samsung Galaxy S20 FE 5G (8 + 128GB),samsung-galaxy-s20-fe-5g-8-plus-128gb,Mobile
Samsung,Samsung Galaxy S20 FE 4G (8 + 128GB),samsung-galaxy-s20-fe-4g-8-plus-128gb,Mobile
Samsung,Samsung Galaxy S20 + (8 + 128GB),samsung-galaxy-s20-plus-8-plus-128gb,Mobile
Samsung,Samsung Galaxy S20 (8 + 128GB),samsung-galaxy-s20-8-plus-128gb,Mobile
Samsung,Samsung Galaxy S10 Lite (8 + 128GB),samsung-galaxy-s10-lite-8-plus-128gb,Mobile
Samsung,Samsung Galaxy S10 + (8 + 128GB),samsung-galaxy-s10-plus-8-plus-128gb,Mobile
Samsung,Samsung Galaxy S10+ (12GB+1TB),samsung-galaxy-s10plus-12gbplus1tb,Mobile
Samsung,Samsung Galaxy S10 (8 + 128GB),samsung-galaxy-s10-8-plus-128gb,Mobile
Samsung,Samsung Galaxy Note20 Ultra 5G (12 + 512GB),samsung-galaxy-note20-ultra-5g-12-plus-512gb,Mobile
Samsung,Samsung Galaxy Note20 Ultra 5G (12+256GB),samsung-galaxy-note20-ultra-5g-12-plus-256gb,Mobile
Samsung,Samsung Galaxy Note20 5G (8 + 256GB),samsung-galaxy-note20-5g-8-plus-256gb,Mobile
Samsung,Samsung Galaxy Note20 5G (8 + 128GB),samsung-galaxy-note20-5g-8-plus-128gb,Mobile
Samsung,Samsung Galaxy Note20 4G (8 + 256GB),samsung-galaxy-note20-4g-8-plus-256gb,Mobile
Samsung,Samsung Galaxy Note10 Lite (8 + 128GB),samsung-galaxy-note10-lite-8-plus-128gb,Mobile
Samsung,Samsung Galaxy Note10 + (12 + 256GB),samsung-galaxy-note10-plus-12-plus-256gb,Mobile
Samsung,Samsung Galaxy Note10 (8 + 256GB),samsung-galaxy-note10-8-plus-256gb,Mobile
Samsung,Samsung Galaxy Note 9 (8 + 512GB),samsung-galaxy-note-9-8-plus-512gb,Mobile
Samsung,Samsung Galaxy Note 9 (6 + 128GB),samsung-galaxy-note-9-6-plus-128gb,Mobile
Samsung,Samsung Galaxy Note8 (6+64GB),samsung-galaxy-note8-6-plus-64gb,Mobile
Samsung,Samsung Galaxy Note8 (6+256GB),samsung-galaxy-note8-6-plus-256gb,Mobile
Samsung,Samsung Galaxy Note8 (6+128GB),samsung-galaxy-note8-6-plus-128gb,Mobile
Samsung,Samsung Galaxy J8 (3+32GB),samsung-galaxy-j8-3plus32gb,Mobile
Samsung,Samsung Galaxy J7 Pro (3+32GB),samsung-galaxy-j7-pro-3plus32gb,Mobile
Samsung,Samsung Galaxy J6 + (J610) (4 + 64GB),samsung-galaxy-j6-plus-j610-4-plus-64gb,Mobile
Samsung,Samsung Galaxy J6 + (J610) (3 + 32GB),samsung-galaxy-j6-plus-j610-3-plus-32gb,Mobile
Samsung,Samsung Galaxy J5 Pro J530,samsung-galaxy-j5-pro-j530,Mobile
Samsung,Samsung Galaxy J5 (2017),samsung-galaxy-j5-2017,Mobile
Samsung,Samsung Galaxy Fold (12 + 512GB),samsung-galaxy-fold-12-plus-512gb,Mobile
Samsung,Samsung Galaxy A9 2018 (6 + 128GB),samsung-galaxy-a9-2018-6-plus-128gb,Mobile
Samsung,Samsung Galaxy A80 (8 + 128GB),samsung-galaxy-a80-8-plus-128gb,Mobile
Samsung,Samsung Galaxy A8 + (2018) (6 + 64GB),samsung-galaxy-a8-plus-2018-6-plus-64gb,Mobile
Samsung,Samsung Galaxy A71 (8 + 128GB),samsung-galaxy-a71-8-plus-128gb,Mobile
Samsung,Samsung Galaxy A70 (8 + 128GB),samsung-galaxy-a70-8-plus-128gb,Mobile
Samsung,Samsung Galaxy A51 (8 + 128GB),samsung-galaxy-a51-8-plus-128gb,Mobile
Samsung,Samsung Galaxy A50s (6 + 128GB),samsung-galaxy-a50s-6-plus-128gb,Mobile
Samsung,Samsung Galaxy A5 (2017),samsung-galaxy-a5-2017,Mobile
Samsung,Samsung Galaxy A42 5G (8 + 128GB),samsung-galaxy-a42-5g-8-plus-128gb,Mobile
Samsung,Samsung Galaxy A31 (6 + 128GB),samsung-galaxy-a31-6-plus-128gb,Mobile
Samsung,Samsung Galaxy A31 (4+128GB),samsung-galaxy-a31-4-128gb,Mobile
Samsung,Samsung Galaxy A30s (4 + 64GB),samsung-galaxy-a30s-4-plus-64gb,Mobile
Samsung,Samsung Galaxy A30s (4 + 128GB),samsung-galaxy-a30s-4-plus-128gb,Mobile
Samsung,Samsung Galaxy A21s (6 + 64GB),samsung-galaxy-a21s-6-plus-64gb,Mobile
Samsung,Samsung Galaxy A20s (3 + 32GB),samsung-galaxy-a20s-3-plus-32gb,Mobile
Samsung,Samsung Galaxy A12 (4 + 64GB),samsung-galaxy-a12-4-plus-64gb,Mobile
Samsung,Samsung Galaxy A12 (4 + 128GB),samsung-galaxy-a12-4-plus-128gb,Mobile
Samsung,Samsung Galaxy A11 (3 + 32GB),samsung-galaxy-a11-3-plus-32gb,Mobile
Samsung,Samsung Galaxy A10s (2 + 32GB),samsung-galaxy-a10s-2-plus-32gb,Mobile
Samsung,Samsung Galaxy A01 Core (1 + 16GB),samsung-galaxy-a01-core-1-plus-16gb,Mobile
Samsung,Samsung Galaxy A01 (2 + 16GB),samsung-galaxy-a01-2-plus-16gb,Mobile
Samsung,Samsung Galaxy A32 5G (6+128GB),samsung-galaxy-a32-5g-6plus128gb,Mobile
Samsung,Samsung Galaxy A02 (3+32GB),samsung-galaxy-a02-3-plus-32gb,Mobile
Samsung,Samsung Galaxy A72 (8+256GB),samsung-galaxy-a72-8-plus-256gb,Mobile
Samsung,Samsung Galaxy A52 (8+256GB),samsung-galaxy-a52-8-plus-256gb,Mobile
Samsung,Samsung Galaxy A32 5G (8+128GB),samsung-galaxy-a32-5g-8plus-128gb,Mobile
Samsung,Samsung Galaxy A32 (8+128GB),samsung-galaxy-a32-8-plus-128gb,Mobile
Samsung,Samsung Galaxy A51 (8+256GB),samsung-galaxy-a51-8plus256gb,Mobile
Samsung,Samsung Galaxy A02s (4+64GB),samsung-galaxy-a02s-4-64gb,Mobile
Samsung,Samsung Galaxy A12 (6+128GB),samsung-galaxy-a12-6-plus-128gb,Mobile
Samsung,Samsung Galaxy A52 5G (8+256GB),samsung-galaxy-a52-5g-8plus256gb,Mobile
Samsung,Samsung S20 FE LTE (8+128GB),samsung-s20-fe-lte-8plus128gb,Mobile
Samsung,Samsung Galaxy A72 5G (6 + 128GB),samsung-galaxy-a72-5g-6-128gb,Mobile
Samsung,Samsung Galaxy S20 FE 4G (8 + 256GB),samsung-galaxy-s20-fe-4g-8-plus-256gb,Mobile
Samsung,Samsung Galaxy A22 5G (8+128GB),samsung-galaxy-a22-5g-8plus128gb,Mobile
Samsung,Samsung Galaxy A22 5G (6+128GB),samsung-galaxy-a22-5g-6-128gb,Mobile
Samsung,Samsung Galaxy A22 (6+128GB),samsung-galaxy-a22-6plus128gb,Mobile
Samsung,Samsung Galaxy A6 (3+32),samsung-galaxy-a6-3plus32,Mobile
Samsung,Samsung Galaxy A8 (2018) (4+32GB),samsung-galaxy-a8-2018-4plus32gb,Mobile
Samsung,Samsung Galaxy J5 Pro (3+32GB),samsung-galaxy-j5-pro-3plus32gb,Mobile
Samsung,Samsung Galaxy J6 (3+32GB),samsung-galaxy-j6-3plus32gb,Mobile
Samsung,Samsung Galaxy S8 (4+64GB),samsung-galaxy-s8-4plus64gb,Mobile
Samsung,Samsung Galaxy J7+ (4+32GB),samsung-galaxy-j7plus-4plus32gb,Mobile
Samsung,Samsung Galaxy M02 (2+32GB),samsung-galaxy-m02-2plus32gb,Mobile
Samsung,Samsung Galaxy Note20 Ultra (12+256GB),samsung-galaxy-note20-ultra-12plus256gb,Mobile
Samsung,Samsung Galaxy Z Flip3 5G (8+128GB),samsung-galaxy-z-flip3-5g-8-128gb,Mobile
Samsung,Samsung Galaxy Z Flip3 5G (8+256GB),samsung-galaxy-z-flip3-5g-8-256gb,Mobile
Samsung,Samsung Galaxy Z Fold3 5G (12+256GB),samsung-galaxy-z-fold3-5g-12-256gb,Mobile
Samsung,Samsung Galaxy Z Fold3 5G (12+512GB),samsung-galaxy-z-fold3-5g-12-512gb,Mobile
Samsung,Samsung Galaxy M32 (8+128GB),samsung-galaxy-m32-8-128gb,Mobile
Samsung,Samsung Galaxy Note20 5G (12+256GB),samsung-galaxy-note20-5g-12-plus-256gb,Mobile
Samsung,Samsung Galaxy A12 Nacho (6+128GB),samsung-galaxy-a12-nacho-6-plus-128gb,Mobile
Samsung,Samsung Galaxy A03s (4+64GB),samsung-galaxy-a03s-4-plus-64gb,Mobile
Samsung,Samsung Galaxy A7 (2017) (3+32GB),samsung-galaxy-a7-2017-3-plus-32gb,Mobile
Samsung,Samsung Galaxy A7 (2018) (4+64GB),samsung-galaxy-a7-2018-4-64gb,Mobile
Samsung,Samsung Galaxy A7 (2018) (4+128GB),samsung-galaxy-a7-2018-4-plus-128gb,Mobile
Samsung,Samsung Galaxy A7 (2018) (6+128GB),samsung-galaxy-a7-2018-6-plus-128gb,Mobile
Samsung,Samsung Galaxy A52s 5G (8GB+128GB),samsung-galaxy-a52s-5g-8gb-plus-128gb,Mobile
Samsung,Samsung Galaxy A52s 5G (6GB+128GB),samsung-galaxy-a52s-5g-6gb-plus-128gb,Mobile
Samsung,Samsung Galaxy A52s 5G (6GB+256GB),samsung-galaxy-a52s-5g-6gb-plus-256gb,Mobile
Samsung,Samsung Galaxy A52s 5G (8GB+256GB),samsung-galaxy-a52s-5g-8gb-plus-256gb,Mobile
Samsung,Samsung Galaxy S20+ (8+128GB) [BTS Edition],samsung-galaxy-s20-8-plus-128gb-bts-edition,Mobile
Samsung,Samsung Galaxy A02 (6+128GB),samsung-galaxy-a02-6-plus-128gb,Mobile
Samsung,Samsung Galaxy S21 FE 5G (8+256GB),samsung-galaxy-s21-fe-5g-8-plus-256gb,Mobile
Samsung,Samsung Galaxy S21 FE 5G (8+128GB),samsung-galaxy-s21-fe-5g-8-plus-128gb,Mobile
Samsung,Samsung Galaxy M52 5G (8+128GB),samsung-galaxy-m52-5g-8-plus-128gb,Mobile
Samsung,Samsung Galaxy A03 (3+32GB),samsung-galaxy-a03-3-plus-32gb,Mobile
Samsung,Samsung Galaxy A03 (4+64GB),samsung-galaxy-a03-4-plus-64gb,Mobile
Samsung,Samsung Galaxy M22 (6+128GB),samsung-galaxy-m22-6-plus-128gb,Mobile
Samsung,Samsung Galaxy M12 (4+64GB),samsung-galaxy-m12-4-plus-64gb,Mobile
Samsung,Samsung Galaxy S22 (8+128GB),samsung-galaxy-s22-8-plus-128gb,Mobile
Samsung,Samsung Galaxy S22 (8+256GB),samsung-galaxy-s22-8-plus-256gb,Mobile
Samsung,Samsung Galaxy S22+ (8+128GB),samsung-galaxy-s22plus-8-plus-128gb,Mobile
Samsung,Samsung Galaxy S22+ (8+256GB),samsung-galaxy-s22plus-8-plus-256gb,Mobile
Samsung,Samsung Galaxy S22 Ultra (8+128GB),samsung-galaxy-s22-ultra-8-plus-128gb,Mobile
Samsung,Samsung Galaxy S22 Ultra (12+256GB),samsung-galaxy-s22-ultra-12-plus-256gb,Mobile
Samsung,Samsung Galaxy S22 Ultra (12+512GB),samsung-galaxy-s22-ultra-12-plus-512gb,Mobile
Samsung,Samsung Galaxy A53 5G (6+128GB),samsung-galaxy-a53-5g-6-plus-128gb,Mobile
Samsung,Samsung Galaxy A53 5G (8+128GB),samsung-galaxy-a53-5g-8-plus-128gb,Mobile
Samsung,Samsung Galaxy A53 5G (8+256GB),samsung-galaxy-a53-5g-8-plus-256gb,Mobile
Samsung,Samsung Galaxy A33 5G (6+128GB),samsung-galaxy-a33-5g-6-plus-128gb,Mobile
Samsung,Samsung Galaxy A33 5G (8+128GB),samsung-galaxy-a33-5g-8-plus-128gb,Mobile
Samsung,Samsung Galaxy A33 5G (8+256GB),samsung-galaxy-a33-5g-8-plus-256gb,Mobile
Samsung,Samsung Galaxy A73 5G (6+128GB),samsung-galaxy-a73-5g-6-plus-128gb,Mobile
Samsung,Samsung Galaxy A73 5G (8+128GB),samsung-galaxy-a73-5g-8-plus-128gb,Mobile
Samsung,Samsung Galaxy A73 5G (8+256GB),samsung-galaxy-a73-5g-8-plus-256gb,Mobile
Samsung,Samsung Galaxy A13 (6+128GB),samsung-galaxy-a13-6-plus-128gb,Mobile
Samsung,Samsung Galaxy A23 (6+128GB),samsung-galaxy-a23-6-plus-128gb,Mobile
Samsung,Samsung Galaxy M33 5G (8+128GB),samsung-galaxy-m33-5g-8-plus-128gb,Mobile
Samsung,"Samsung Galaxy A12 (6+128GB, Exynos 850)",samsung-galaxy-a12-6-plus-128gb-exynos-850,Mobile
Samsung,Samsung Galaxy M53 5G (8+256GB),samsung-galaxy-m53-5g-8-plus-256gb,Mobile
vivo,vivo Y50 (8 + 128GB),vivo-y50-8-plus-128gb,Mobile
vivo,vivo Y20s (4 + 128GB),vivo-y20s-4-plus-128gb,Mobile
vivo,vivo Y20 (4+64GB),vivo-y20-4-plus-64gb,Mobile
vivo,vivo Y19 (6 + 128GB),vivo-y19-6-plus-128gb,Mobile
vivo,vivo Y12s (3 + 32GB),vivo-y12s-3-plus-32gb,Mobile
vivo,vivo X60 Pro (12+256GB),vivo-x60-pro-12plus256gb,Mobile
vivo,vivo X50 Pro (8+256GB),vivo-x50-pro-8plus256gb,Mobile
vivo,vivo X50 Pro (8+128GB),vivo-x50-pro-8plus128gb,Mobile
vivo,vivo X50 Pro+ (12+256GB),vivo-x50-proplus-12plus256gb,Mobile
vivo,vivo X50 5G (8 + 128GB),vivo-x50-5g-8-plus-128gb,Mobile
vivo,vivo X50 (8 + 256GB),vivo-x50-8-plus-256gb,Mobile
vivo,vivo X50 (8 + 128GB),vivo-x50-8-plus-128gb,Mobile
vivo,vivo V20 SE (8+ 128GB),vivo-v20-se-8plus-128gb,Mobile
vivo,vivo V20 (8 + 128GB),vivo-v20-8-plus-128gb,Mobile
vivo,vivo V17 (8 + 128GB),vivo-v17-8-plus-128gb,Mobile
vivo,vivo S1 Pro Dual (8 + 128GB),vivo-s1-pro-dual-8-plus-128gb,Mobile
vivo,vivo NEX 3 5G (8 + 256GB),vivo-nex-3-5g-8-plus-256gb,Mobile
vivo,vivo V20 PRO (8 + 128GB),vivo-v20-pro-8-plus-128gb,Mobile
vivo,vivo Y31 (8 + 128GB),vivo-y31-8-plus-128gb,Mobile
vivo,vivo Y11 (3 + 32GB),vivo-y11-3-plus-32gb,Mobile
vivo,vivo V20 Pro 5G (8 + 128GB),vivo-v20-pro-5g-8-plus-128gb,Mobile
vivo,vivo Y30 (4 + 128GB),vivo-y30-4-plus-128gb,Mobile
vivo,vivo X60 (12+256GB),vivo-x60-12plus256gb,Mobile
vivo,vivo Y31 (12 + 256GB),vivo-y31-12-plus-256gb,Mobile
vivo,vivo Y20s (8+128 GB),vivo-y20s-8-plus-128-gb,Mobile
vivo,vivo V19 (8+128GB),vivo-v19-8plus128gb,Mobile
vivo,vivo V21e (8+128GB),vivo-v21e-8plus128gb,Mobile
vivo,vivo V21 (8+128GB),vivo-v21-8plus128gb,Mobile
vivo,vivo V21 5G (8+256GB),vivo-v21-5g-8plus256gb,Mobile
vivo,vivo Y12S (4+128GB),y12s-4128gb,Mobile
vivo,vivo Y20s [G] (6 + 128GB),vivo-y20s-g-6-128gb,Mobile
vivo,vivo Y20s [G] (4+128GB),vivo-y20s-g-4-plus-128gb,Mobile
vivo,vivo Y1s (2+32GB),vivo-y1s-2-32gb,Mobile
vivo,vivo Y20s (6 + 128GB),vivo-y20s-6-128gb,Mobile
vivo,vivo Y50 (6 + 128GB),vivo-y50-6-128gb,Mobile
vivo,vivo Y15 (4+64GB),vivo-y15-4-64gb,Mobile
vivo,vivo Y12A (3+32GB),vivo-y12a-3-32gb,Mobile
vivo,vivo Y33s (8+128GB),vivo-y33s-8-plus-128gb,Mobile
vivo,vivo X70 (8+128GB),vivo-x70-8-plus-128gb,Mobile
vivo,vivo X70 (8+256GB),vivo-x70-8-plus-256gb,Mobile
vivo,vivo X70 (12+256GB),vivo-x70-12-plus-256gb,Mobile
vivo,vivo X70 Pro (12+256GB),vivo-x70-pro-12-plus-256gb,Mobile
vivo,vivo X70 Pro (8+128GB),vivo-x70-pro-8-plus-128gb,Mobile
vivo,vivo X70 Pro (8+256GB),vivo-x70-pro-8-plus-256gb,Mobile
vivo,vivo X70 Pro (12+512GB),vivo-x70-pro-12-plus-512gb,Mobile
vivo,vivo X70 Pro (16+256GB),vivo-x70-pro-16-plus-256gb,Mobile
vivo,vivo Y76 5G (8+128GB),vivo-y76-5g-8-plus-128gb,Mobile
vivo,vivo Y76s (8+128GB),vivo-y76s-8-plus-128gb,Mobile
vivo,vivo Y76s (8+256GB),vivo-y76s-8-plus-256gb,Mobile
vivo,vivo S1 Pro (8+128GB),vivo-s1-pro-8-plus-128gb,Mobile
vivo,vivo S1 Pro (4+64GB),vivo-s1-pro-4-plus-64gb,Mobile
vivo,vivo Y21 (4+64GB),vivo-y21-4-plus-64gb,Mobile
vivo,vivo Y21 (4+128GB),vivo-y21-4-plus-128gb,Mobile
vivo,vivo Y21 (8+256GB),vivo-y21-8-plus-256gb,Mobile
Vivo,vivo V7 PLUS (4+64GB),vivo-v7-plus-4-plus-64gb,Mobile
vivo,vivo Y53 (2+16GB),vivo-y53-2-plus-16gb,Mobile
vivo,vivo Y15s (3+32GB),vivo-y15s-3-plus-32gb,Mobile
vivo,vivo Y15a (4+64GB),vivo-y15a-4-plus-64gb,Mobile
vivo,vivo V23e (8+128GB),vivo-v23e-8-plus-128gb,Mobile
vivo,vivo V23e 5G (8+128GB),vivo-v23e-5g-8-plus-128gb,Mobile
vivo,vivo V23 5G (12+256GB),vivo-v23-5g-12-plus-256gb,Mobile
vivo,vivo V23 5G (8+128GB),vivo-v23-5g-8-plus-128gb,Mobile
vivo,vivo V21 5G (8+128GB),vivo-v21-5g-8-plus-128gb,Mobile
vivo,vivo Y75 5G (8+128GB),vivo-y75-5g-8-plus-128gb,Mobile
vivo,vivo Y81 (3+32GB),vivo-y81-3-plus-32gb,Mobile
vivo,vivo Y21T (6+128GB),vivo-y21t-6-plus-128gb,Mobile
vivo,Vivo Y33T (8+128GB),vivo-y33t-8-plus-128gb,Mobile
vivo,Vivo T1 5G (4+128GB),vivo-t1-5g-4-plus-128gb,Mobile
vivo,Vivo T1 5G (6+128GB),vivo-t1-5g-6-plus-128gb,Mobile
vivo,Vivo T1 5G (8+128GB),vivo-t1-5g-8-plus-128gb,Mobile
vivo,Vivo T1x (6+128GB),vivo-t1x-6-plus-128gb,Mobile
vivo,Vivo T1x (8+128GB),vivo-t1x-8-plus-128gb,Mobile
vivo,Vivo T1x (8+256GB),vivo-t1x-8-plus-256gb,Mobile
vivo,Vivo X80 Pro (8+256GB),vivo-x80-pro-8-plus-256gb,Mobile
vivo,Vivo X80 Pro (12+256GB),vivo-x80-pro-12-plus-256gb,Mobile
vivo,Vivo X80 Pro (8+128GB),vivo-x80-pro-8-plus-128gb,Mobile
vivo,vivo Y1s (3+32GB),vivo-y1s-3-plus-32gb,Mobile
vivo,Vivo T1x (4+64GB),vivo-t1x-4-plus-64gb,Mobile
vivo,Vivo X80 (12+256GB),vivo-x80-12-plus-256gb,Mobile
vivo,vivo X80 Pro (12+512GB),vivo-x80-pro-12-plus-512gb,Mobile
vivo,Vivo V11i (6+128GB),vivo-v11i-6-plus-128gb,Mobile
Xiaomi,Xiaomi Redmi Note 9 (4 + 64GB),xiaomi-redmiredmi-note-9-4-plus-64gb,Mobile
Xiaomi,Xiaomi Redmi Note 9 (3 + 64GB),xiaomi-redmi-note-9-3-64gb,Mobile
Xiaomi,Xiaomi Xiaomi Redmi Note 8 Pro (8+256GB),xiaomi-redmi-note-8-pro-8-plus-256gb,Mobile
Xiaomi,Xiaomi Xiaomi Redmi Note 8 Pro (6+64GB),xiaomi-redmi-note-8-pro-6-plus-64gb,Mobile
Xiaomi,Xiaomi Xiaomi Redmi Note 8 Pro (6+128GB),xiaomi-redmi-note-8-pro-6-plus-128gb,Mobile
Xiaomi,Xiaomi Redmi Note 8 (4 + 64GB),xiaomi-redmi-note-8-4-64gb,Mobile
Xiaomi,Xiaomi Redmi 9C (4+128GB),xiaomi-redmi-9c-4-plus-128gb,Mobile
Xiaomi,Xiaomi Redmi 9C (2+32GB),xiaomi-redmi-9c-2-32gb,Mobile
Xiaomi,Xiaomi Redmi 9C (3+64GB),xiaomi-redmi-9c-3-plus-64gb,Mobile
Xiaomi,Xiaomi Redmi 9 (4 + 64GB),xiaomi-redmi-9-4-64gb,Mobile
Xiaomi,Xiaomi Redmi 9 (3 + 32GB),xiaomi-redmi-9-3-32gb,Mobile
Xiaomi,Xiaomi Redmi Note 9S (6 + 128GB),xiaomi-redmi-note-9s-6-plus-128gb,Mobile
Xiaomi,Xiaomi  Redmi Note 9 (4+128GB),xiaomi-redmi-note-9-4-plus-128gb,Mobile
Xiaomi,Xiaomi Redmi Note 8 Pro (8+128GB),xiaomi-redmi-note-8-pro-8-plus-128gb,Mobile
Xiaomi,Xiaomi Redmi 9T (6+128GB),xiaomi-redmi-9t-6-plus-128gb,Mobile
Xiaomi,Xiaomi  Redmi 9A (6 + 64GB),xiaomi-redmi-9a-6-plus-64gb,Mobile
Xiaomi,Xiaomi Redmi 9A (2+32GB),xiaomi-redmi-9a-2-plus-32gb,Mobile
Xiaomi,Xiaomi Redmi 8A (2 + 32GB),xiaomi-redmi-8a-2-plus-32gb,Mobile
Xiaomi,Xiaomi Redmi 8 (4 + 64GB),xiaomi-redmi-8-4-plus-64gb,Mobile
Xiaomi,Xiaomi  Pocophone F2 Pro 5G (8 + 256GB),xiaomi-pocophone-f2-pro-5g-8-plus-256gb,Mobile
Xiaomi,Xiaomi Pocophone F2 Pro 5G (6 + 128GB),xiaomi-pocophone-f2-pro-5g-6-plus-128gb,Mobile
Xiaomi,Xiaomi Poco X3 NFC (6 + 64GB),xiaomi-poco-x3-nfc-6-plus-64gb,Mobile
Xiaomi,Xiaomi  Poco X3 NFC (6 + 128GB),xiaomi-poco-x3-nfc-6-plus-128gb,Mobile
Xiaomi,Xiaomi  POCO M3 (4 + 64GB),xiaomi-poco-m3-4-plus-64gb,Mobile
Xiaomi,Xiaomi  POCO M3 (4 + 128GB),xiaomi-poco-m3-4-plus-128gb,Mobile
Xiaomi,Xiaomi Mi Note 10 (6 + 128GB),xiaomi-mi-note-10-6-128gb,Mobile
Xiaomi,Xiaomi  Mi 10T Pro 5G (8 + 256GB),xiaomi-mi-10t-pro-5g-8-plus-256gb,Mobile
Xiaomi,Xiaomi Mi 10T Pro 5G (8 + 128GB),xiaomi-mi-10t-pro-5g-8-plus-128gb,Mobile
Xiaomi,Xiaomi  Mi 10T 5G (8+128GB),xiaomi-mi-10t-5g-8-plus-128gb,Mobile
Xiaomi,Xiaomi Mi 10T 5G (6 + 128GB),xiaomi-mi-10t-5g-6-plus-128gb,Mobile
Xiaomi,Xiaomi M9T Smartphone International Version (6 + 64GB),xiaomi-m9t-smartphone-international-version-6-plus-64gb,Mobile
Xiaomi,Xiaomi 9T Pro (6 + 64GB),xiaomi-9t-pro-6-plus-64gb,Mobile
Xiaomi,Xiaomi 11 5G (8 + 256GB),xiaomi-11-5g-8-plus-256gb,Mobile
Xiaomi,Xiaomi 11 5G (8 + 128GB),xiaomi-11-5g-8-plus-128gb,Mobile
Xiaomi,Xiaomi  Mi 10 5G (8+256GB),xiaomi-mi-10-5g-8plus256gb,Mobile
Xiaomi,Xiaomi Mi 10 5G (8+128GB),xiaomi-mi-10-5g-8plus128gb,Mobile
Xiaomi,Xiaomi (MI) 9T (6 + 128gb),xiaomi-mi-9t-6-plus-128gb,Mobile
Xiaomi,Xiaomi Redmi Note 9T 5G (4 + 128GB),xiaomi-redmi-note-9t-5g-4-plus-128gb,Mobile
Xiaomi,Xiaomi Redmi Note 9 Pro (6 + 128GB),xiaomi-redmi-note-9-pro-6-plus-128gb,Mobile
Xiaomi,Xiaomi Redmi 9T (4+64GB),xiaomi-redmi-9t-4-plus-64gb,Mobile
Xiaomi,Xiaomi Redmi Note 10 Pro (6+128GB),xiaomi-redmi-note-10-pro-6-plus-128gb,Mobile
Xiaomi,Xiaomi Redmi Note 10 Pro (8+128GB),xiaomi-redmi-note-10-pro-8-plus-128gb,Mobile
Xiaomi,Xiaomi Redmi Note 10 (4 + 64GB),xiaomi-redmi-note-10-4-plus-64gb,Mobile
Xiaomi,Xiaomi Mi 11 (8+128GB),mi-11-8-plus-128gb,Mobile
Xiaomi,Xiaomi POCO F3 (6+128GB),xiaomi-poco-f3-6plus128gb,Mobile
Xiaomi,Xiaomi POCO F3 (8+256GB),xiaomi-poco-f3-8plus256gb,Mobile
Xiaomi,Xiaomi POCO X3 Pro (6+128GB),xiaomi-poco-x3-pro-6-plus-128gb,Mobile
Xiaomi,Xiaomi POCO X3 Pro (8+256GB),xiaomi-poco-x3-pro-8-plus-256gb,Mobile
Xiaomi,Xiaomi Poco X3 (6+64GB),xiaomi-poco-x3-6-plus-64gb,Mobile
Xiaomi,Xiaomi Poco X3 (6+128GB),xiaomi-poco-x3-6-128gb,Mobile
Xiaomi,Xiaomi Poco X3 (8+128GB),xiaomi-poco-x3-8-plus-128gb,Mobile
Xiaomi,Xiaomi Mi 11 Ultra (12+256GB),xiaomi-mi-11-ultra-12plus256gb,Mobile
Xiaomi,Xiaomi Mi 11 Lite 5G (8+256GB),xiaomi-mi-11-lite-5g-8-plus-256gb,Mobile
Xiaomi,Xiaomi Mi 11 Lite 5G (8+128GB),xiaomi-mi-11-lite-5g-8plus128gb,Mobile
Xiaomi,Xiaomi Mi 11 Lite 5G (6+128GB),xiaomi-mi-11-lite-5g-6plus128gb,Mobile
Xiaomi,Xiaomi Redmi Note 10S (8+128GB),xiaomi-redmi-note-10s-8-128gb,Mobile
Xiaomi,Xiaomi Poco M3 Pro 5G (4+64GB),xiaomi-poco-m3-pro-5g-4-64gb,Mobile
Xiaomi,Xiaomi Poco M3 Pro 5G (6+128GB),xiaomi-poco-m3-pro-5g-6-128gb,Mobile
Xiaomi,Xiaomi Redmi Note 10 5G (8+128GB),xiaomi-redmi-note-10-5g-8-128gb,Mobile
Xiaomi,Xiaomi Mi 11i (8 + 128GB),xiaomi-mi-11i-8-128gb,Mobile
Xiaomi,Xiaomi Redmi Note 10 (6+128GB),xiaomi-redmi-note-10-6-128gb,Mobile
Xiaomi,Xiaomi Mi Note 10 Lite (8 + 128GB),xiaomi-mi-note-10-lite-8-128gb,Mobile
Xiaomi,Xiaomi Mi 11 (8 + 256GB),xiaomi-mi-11-8-256gb,Mobile
Xiaomi,Xiaomi Mi 11 Lite (8+128GB),xiaomi-mi-11-lite-8-128gb,Mobile
Xiaomi,Xiaomi Redmi 9T (4+128GB),xiaomi-redmi-9t-4-128gb,Mobile
Xiaomi,Xiaomi Mi Note 10 Lite (6+64GB),xiaomi-mi-note-10-lite-6plus64gb,Mobile
Xiaomi,Xiaomi Redmi K40 (8+128GB),xiaomi-redmi-k40-8plus128gb,Mobile
Xiaomi,Xiaomi Redmi K40 Pro (8+256GB),xiaomi-redmi-k40-pro-8plus256gb,Mobile
Xiaomi,Xiaomi Mi 10 Ultra (8+128GB),xiaomi-mi-10-ultra-8plus128gb,Mobile
Xiaomi,Xiaomi Mi 10 Ultra (12+256GB),xiaomi-mi-10-ultra-12plus256gb,Mobile
Xiaomi,Xiaomi POCO X3 GT (8+256GB),xiaomi-poco-x3-gt-8-256gb,Mobile
Xiaomi,Xiaomi POCO X3 GT (8+128GB),xiaomi-poco-x3-gt-8-128gb,Mobile
Xiaomi,Xiaomi Redmi 10 (4+64GB),xiaomi-redmi-10-4-64gb,Mobile
Xiaomi,Xiaomi Redmi 10 (6+128GB),xiaomi-redmi-10-6-128gb,Mobile
Xiaomi,Xiaomi Redmi Note 8 Pro (4+64GB),xiaomi-redmi-note-8-pro-4-plus-64gb,Mobile
Xiaomi,Xiaomi Redmi Note 8 Pro (4+128GB),xiaomi-redmi-note-8-pro-4-plus-128gb,Mobile
Xiaomi,Xiaomi Poco X3 NFC (4+64GB),xiaomi-poco-x3-nfc-4-plus-64gb,Mobile
Xiaomi,Xiaomi Poco X3 NFC (4+128GB),xiaomi-poco-x3-nfc-4-plus-128gb,Mobile
Xiaomi,Xiaomi 11 Lite 5G NE (6+128GB),xiaomi-11-lite-5g-ne-6-plus-128gb,Mobile
Xiaomi,Xiaomi 11 Lite 5G NE (8+128GB),xiaomi-11-lite-5g-ne-8-plus-128gb,Mobile
Xiaomi,Xiaomi 11 Lite 5G NE (8+256GB),xiaomi-11-lite-5g-ne-8-plus-256gb,Mobile
Xiaomi,Xiaomi 11T (8+128GB),xiaomi-11t-5g-8-plus-128gb,Mobile
Xiaomi,Xiaomi 11T (8+256GB),xiaomi-11t-5g-8-plus-256gb,Mobile
Xiaomi,Xiaomi 11T Pro (8+256GB),xiaomi-11t-pro-5g-8-plus-256gb,Mobile
Xiaomi,Xiaomi 11T Pro (12+256GB),xiaomi-11t-pro-5g-12-plus-256gb,Mobile
Xiaomi,Xiaomi POCO M4 Pro 5G (6+128GB),xiaomi-poco-m4-5g-6-plus-128gb,Mobile
Xiaomi,Xiaomi POCO M4 Pro 5G (4+64GB),xiaomi-poco-m4-pro-5g-4-plus-64gb,Mobile
Xiaomi,Xiaomi 11T Pro (8+128GB),xiaomi-11t-pro-8-plus-128gb,Mobile
Xiaomi,Xiaomi Redmi Note 11 Pro 5G (6+64GB),xiaomi-redmi-note-11-pro-5g-6-plus-64gb,Mobile
Xiaomi,Xiaomi Redmi Note 11 Pro 5G (6+128GB),xiaomi-redmi-note-11-pro-5g-6-plus-128gb,Mobile
Xiaomi,Xiaomi Redmi Note 11 Pro 5G (8+128GB),xiaomi-redmi-note-11-pro-5g-8-plus-128gb,Mobile
Xiaomi,Xiaomi Redmi Note 11 Pro (6+64GB),xiaomi-redmi-note-11-pro-6-plus-64gb,Mobile
Xiaomi,Xiaomi Redmi Note 11 Pro (6+128GB),xiaomi-redmi-note-11-pro-6-plus-128gb,Mobile
Xiaomi,Xiaomi Redmi Note 11 Pro (8+128GB),xiaomi-redmi-note-11-pro-8-plus-128gb,Mobile
Xiaomi,Xiaomi Redmi Note 11 (4+64GB),xiaomi-redmi-note-11-4-plus-64gb,Mobile
Xiaomi,Xiaomi Redmi Note 11 (4+128GB),xiaomi-redmi-note-11-4-plus-128gb,Mobile
Xiaomi,Xiaomi Redmi Note 11 (6+128GB),xiaomi-redmi-note-11-6-plus-128gb,Mobile
Xiaomi,Xiaomi Redmi Note 11S (6+64GB),xiaomi-redmi-note-11s-6-plus-64gb,Mobile
Xiaomi,Xiaomi Redmi Note 11S (6+128GB),xiaomi-redmi-note-11s-6-plus-128gb,Mobile
Xiaomi,Xiaomi Redmi Note 11S (8+128GB),xiaomi-redmi-note-11s-8-plus-128gb,Mobile
Xiaomi,Xiaomi Redmi 9A (3+32GB),xiaomi-redmi-9a-3-plus-32gb,Mobile
Xiaomi,Xiaomi Poco X4 Pro 5G (6+128GB),xiaomi-poco-x4-pro-5g-6-plus-128gb,Mobile
Xiaomi,Xiaomi Poco X4 Pro 5G (8+256GB),xiaomi-poco-x4-pro-5g-8-plus-256gb,Mobile
Xiaomi,Xiaomi Poco M4 Pro (6+128GB),xiaomi-poco-m4-pro-6-plus-128gb,Mobile
Xiaomi,Xiaomi Poco M4 Pro (8+256GB),xiaomi-poco-m4-pro-8-plus-256gb,Mobile
Xiaomi,Xiaomi 12 (8+128GB),xiaomi-12-8-plus-128gb,Mobile
Xiaomi,Xiaomi 12 (8+256GB),xiaomi-12-8-plus-256gb,Mobile
Xiaomi,Xiaomi 12 (12+256GB),xiaomi-12-12-plus-256gb,Mobile
Xiaomi,Xiaomi 12 Pro (8+256GB),xiaomi-12-pro-8-plus-256gb,Mobile
Xiaomi,Xiaomi 12 Pro (12+256GB),xiaomi-12-pro-12-plus-256gb,Mobile
Xiaomi,Xiaomi Mi Play (4+64GB),xiaomi-mi-play-4-plus-64gb,Mobile
Xiaomi,Xiaomi Redmi 10C (4+64GB),xiaomi-redmi-10c-4-plus-64gb,Mobile
Xiaomi,Xiaomi Redmi 10C (4+128GB),xiaomi-redmi-10c-4-plus-128gb,Mobile
Xiaomi,Xiaomi Redmi Note 10S (6+128GB),xiaomi-redmi-note-10s-6-plus-128gb,Mobile
Xiaomi,Xiaomi Redmi Note 11 Pro+ 5G (6+128GB),xiaomi-redmi-note-11-pro-plus-5g-6-plus-128gb,Mobile
Xiaomi,Xiaomi Redmi Note 11 Pro+ 5G (8+128GB),xiaomi-redmi-note-11-pro-plus-5g-8-plus-128gb,Mobile
Xiaomi,Xiaomi Redmi Note 11 Pro+ 5G (8+256GB),xiaomi-redmi-note-11-pro-plus-5g-8-plus-256gb,Mobile
Xiaomi,Xiaomi Poco F4 GT (8+128GB),xiaomi-poco-f4-gt-8-plus-128gb,Mobile
Xiaomi,Xiaomi Poco F4 GT (12+128GB),xiaomi-poco-f4-gt-12-plus-128gb,Mobile
Xiaomi,Xiaomi Poco F4 GT (12+256GB),xiaomi-poco-f4-gt-12-plus-256gb,Mobile
Xiaomi,Xiaomi Redmi 10a (3+64GB),xiaomi-redmi-10a-3-plus-64gb,Mobile
Xiaomi,Xiaomi Redmi 10 5G (4+64GB),xiaomi-redmi-10-5g-4-plus-64gb,Mobile
Xiaomi,Xiaomi Redmi 10 5G (4+128GB),xiaomi-redmi-10-5g-4-plus-128gb,Mobile
Xiaomi,Xiaomi Redmi 10 5G (6+128GB),xiaomi-redmi-10-5g-6-plus-128gb,Mobile
Xiaomi,Xiaomi Redmi 10 2022 (4+64GB),xiaomi-redmi-10-2022-4-plus-64gb,Mobile
Xiaomi,Xiaomi Redmi 10 2022 (4+128GB),xiaomi-redmi-10-2022-4-plus-128gb,Mobile
Xiaomi,Xiaomi Redmi Note 11S 5G (4+64GB),xiaomi-redmi-note-11s-5g-4-plus-64gb,Mobile
Xiaomi,Xiaomi Redmi Note 11S 5G (4+128GB),xiaomi-redmi-note-11s-5g-4-plus-128gb,Mobile
Xiaomi,Xiaomi Redmi Note 11S 5G (6+128GB),xiaomi-redmi-note-11s-5g-6-plus-128gb,Mobile
Xiaomi,Xiaomi Redmi 10a (4+128GB),xiaomi-redmi-10a-4-plus-128gb,Mobile
Xiaomi,Xiaomi Redmi 10 Prime (2022) (4+64GB),xiaomi-redmi-10-prime-2022-4-plus-64gb,Mobile
Xiaomi,Xiaomi Redmi 10 Prime (2022) (4+128GB),xiaomi-redmi-10-prime-2022-4-plus-128gb,Mobile
Xiaomi,Xiaomi Redmi 10 Prime (2022) (6+128GB),xiaomi-redmi-10-prime-2022-6-plus-128gb,Mobile
Xiaomi,Xiaomi Redmi 10 Prime (4+64GB),xiaomi-redmi-10-prime-4-plus-64gb,Mobile
Xiaomi,Xiaomi Redmi 10 Prime (6+128GB),xiaomi-redmi-10-prime-6-plus-128gb,Mobile
Xiaomi,Xiaomi Redmi 10 (4+128GB),xiaomi-redmi-10-4-plus-128gb,Mobile
Xiaomi,Xiaomi Redmi Note 5 (6+128GB),xiaomi-redmi-note-5-6-plus-128gb,Mobile
Apple,Apple iPad 10.2 (2019) (32GB) Wi-Fi + Mobile Network,apple-ipad-10-2-2019-32gb-wi-fi-plus-mobile-network,Tablet
Apple,Apple iPad 10.2 (2019) (128GB) Wi-Fi + Mobile Network,apple-ipad-10-2-2019-128gb-wi-fi-plus-mobile-network,Tablet
Apple,Apple iPad 10.2 (2019) (128GB) Wi-Fi,apple-ipad-10-2-2019-128gb-wi-fi,Tablet
Apple,Apple iPad 10.2 (2019) (32GB) Wi-Fi,apple-ipad-10-2-2019-32gb-wi-fi,Tablet
Apple,Apple iPad Air (2019) (64GB) Wi-Fi + Mobile Network,apple-ipad-air-2019-64gb-wi-fi-plus-mobile-network,Tablet
Apple,Apple iPad mini (2019) (64GB) Wi-Fi + Mobile Network,apple-ipad-mini-2019-64gb-wi-fi-plus-mobile-network,Tablet
Apple,Apple iPad mini (2019) (256GB) Wi-Fi + Mobile Network,apple-ipad-mini-2019-256gb-wi-fi-plus-mobile-network,Tablet
Apple,Apple iPad mini (2019) (256GB) Wi-Fi,apple-ipad-mini-2019-256gb-wi-fi,Tablet
Apple,Apple iPad mini (2019) (64GB) Wi-Fi,apple-ipad-mini-2019-64gb-wi-fi,Tablet
Apple,Apple iPad Air (2019) (256GB) Wi-Fi,apple-ipad-air-2019-256gb-wi-fi,Tablet
Apple,Apple iPad Air (2019) (64GB) Wi-Fi,apple-ipad-air-2019-64gb-wi-fi,Tablet
Apple,Apple iPad 10.2 (2020) (32GB) Wi-Fi + Cellular,apple-ipad-10-2-2020-32gb-wi-fi-plus-mobile-network,Tablet
Apple,Apple iPad 10.2 (2020) (128GB) Wi-Fi + Cellular,apple-ipad-10-2-2020-128gb-wi-fi-plus-mobile-network,Tablet
Apple,Apple iPad 10.2 (2020) (128GB) Wi-Fi,apple-ipad-10-2-2020-128gb-wi-fi,Tablet
Apple,Apple iPad 10.2 (2020) (32GB) Wi-Fi,apple-ipad-10-2-2020-32gb-wi-fi,Tablet
Apple,Apple iPad Air (2020) (256GB) Wi-Fi,apple-ipad-air-2020-256gb-wi-fi,Tablet
Apple,Apple iPad Air (2020) (64GB) Wi-Fi,apple-ipad-air-2020-64gb-wi-fi,Tablet
Apple,Apple iPad Pro 12.9 (2020) (128GB) Wi-Fi + Cellular,apple-ipad-pro-12-9-2020-128gb-wi-fi-plus-mobile-network,Tablet
Apple,Apple iPad Pro 12.9 (2020) (1TB) Wi-Fi + Cellular,apple-ipad-pro-12-9-2020-1tb-wi-fi-plus-mobile-network,Tablet
Apple,Apple iPad Pro 12.9 (2020) (256GB) Wi-Fi + Cellular,apple-ipad-pro-12-9-2020-256gb-wi-fi-plus-mobile-network,Tablet
Apple,Apple iPad Pro 12.9 (2020) (512GB) Wi-Fi + Cellular,apple-ipad-pro-12-9-2020-512gb-wi-fi-plus-mobile-network,Tablet
Apple,Apple iPad Pro 11 (2020) (128GB) Wi-Fi + Cellular,apple-ipad-pro-11-2020-128gb-wi-fi-plus-mobile-network,Tablet
Apple,Apple iPad Pro 11 (2020) (1TB) Wi-Fi + Cellular,apple-ipad-pro-11-2020-1tb-wi-fi-plus-mobile-network,Tablet
Apple,Apple iPad Pro 11 (2020) (256GB) Wi-Fi + Cellular,apple-ipad-pro-11-2020-256gb-wi-fi-plus-mobile-network,Tablet
Apple,Apple iPad Pro 11 (2020) (512GB) Wi-Fi + Cellular,apple-ipad-pro-11-2020-512gb-wi-fi-plus-mobile-network,Tablet
Apple,Apple iPad Pro 11 (2020) (128GB) Wi-Fi,apple-ipad-pro-11-2020-128gb-wi-fi,Tablet
Apple,Apple iPad Pro 11 (2020) (1TB) Wi-Fi,apple-ipad-pro-11-2020-1tb-wi-fi,Tablet
Apple,Apple iPad Pro 11 (2020) (256GB) Wi-Fi,apple-ipad-pro-11-2020-256gb-wi-fi,Tablet
Apple,Apple iPad Pro 11 (2020) (512GB) Wi-Fi,apple-ipad-pro-11-2020-512gb-wi-fi,Tablet
Apple,Apple iPad Pro 11 (2018) (256GB) Wi-Fi,apple-ipad-pro-11-2018-256gb-wi-fi,Tablet
Apple,Apple iPad Pro 11 (2018) (64GB) Wi-Fi,apple-ipad-pro-11-2018-64gb-wi-fi,Tablet
Apple,Apple iPad Pro 12.9 (2020) (128GB) Wi-Fi,apple-ipad-pro-12-9-2020-128gb-wi-fi,Tablet
Apple,Apple iPad Pro 12.9 (2020) (1TB) Wi-Fi,apple-ipad-pro-12-9-2020-1tb-wi-fi,Tablet
Apple,Apple iPad Pro 12.9 (2020) (256GB) Wi-Fi,apple-ipad-pro-12-9-2020-256gb-wi-fi,Tablet
Apple,Apple iPad Pro 12.9 (2020) (512GB) Wi-Fi,apple-ipad-pro-12-9-2020-512gb-wi-fi,Tablet
Apple ,Apple  iPad Pro 11 (2021) (128GB) Wi-Fi,apple-ipad-pro-11-2021-128gb-wi-fi,Tablet
Apple ,Apple  iPad Pro 11 (2021) (256GB) Wi-Fi,apple-ipad-pro-11-2021-256gb-wi-fi,Tablet
Apple ,Apple  iPad Pro 11 (2021) (512GB) Wi-Fi,apple-ipad-pro-11-2021-512gb-wi-fi,Tablet
Apple ,Apple  iPad Pro 11 (2021) (1TB) Wi-Fi,apple-ipad-pro-11-2021-1tb-wi-fi,Tablet
Apple ,Apple  iPad Pro 11 (2021) (2TB) Wi-Fi,apple-ipad-pro-11-2021-2tb-wi-fi,Tablet
Apple ,Apple  iPad Pro 12.9 (2021) (128GB) Wi-Fi,apple-ipad-pro-12-9-2021-128gb-wi-fi,Tablet
Apple ,Apple  iPad Pro 12.9 (2021) (256GB) Wi-Fi,apple-ipad-pro-12-9-2021-256gb-wi-fi,Tablet
Apple ,Apple  iPad Pro 12.9 (2021) (512GB) Wi-Fi,apple-ipad-pro-12-9-2021-512gb-wi-fi,Tablet
Apple ,Apple  iPad Pro 12.9 (2021) (1TB) Wi-Fi,apple-ipad-pro-12-9-2021-1tb-wi-fi,Tablet
Apple ,Apple  iPad Pro 12.9 (2021) (2TB) Wi-Fi,apple-ipad-pro-12-9-2021-2tb-wi-fi,Tablet
Apple,Apple iPad Pro 12.9 (2021) (128GB) Wi-Fi + Cellular,apple-ipad-pro-12-9-2021-128gb-wi-fi-cellular,Tablet
Apple,Apple iPad Pro 12.9 (2021) (256GB) Wi-Fi + Cellular,apple-ipad-pro-12-9-2021-256gb-wi-fi-cellular,Tablet
Apple,Apple iPad Pro 12.9 (2021) (512GB) Wi-Fi + Cellular,apple-ipad-pro-12-9-2021-512gb-wi-fi-cellular,Tablet
Apple,Apple iPad Pro 12.9 (2021) (1TB) Wi-Fi + Cellular,apple-ipad-pro-12-9-2021-1tb-wi-fi-cellular,Tablet
Apple,Apple iPad Pro 12.9 (2021) (2TB) Wi-Fi + Cellular,apple-ipad-pro-12-9-2021-2tb-wi-fi-cellular,Tablet
Apple,Apple iPad Pro 11 (2021) (128GB) Wi-Fi + Cellular,apple-ipad-pro-11-2021-128gb-wi-fi-cellular,Tablet
Apple,Apple iPad Pro 11 (2021) (256GB) Wi-Fi + Cellular,apple-ipad-pro-11-2021-256gb-wi-fi-cellular,Tablet
Apple,Apple iPad Pro 11 (2021) (512GB) Wi-Fi + Cellular,apple-ipad-pro-11-2021-512gb-wi-fi-cellular,Tablet
Apple,Apple iPad Pro 11 (2021) (1TB) Wi-Fi + Cellular,apple-ipad-pro-11-2021-1tb-wi-fi-cellular,Tablet
Apple,Apple iPad Pro 11 (2021) (2TB) Wi-Fi + Cellular,apple-ipad-pro-11-2021-2tb-wi-fi-cellular,Tablet
Apple,Apple iPad 10.2 (2021) (64GB) Wi-Fi,apple-ipad-10-2-2021-64gb-wi-fi,Tablet
Apple,Apple iPad 10.2 (2021) (64GB) Wi-Fi + Cellular,apple-ipad-10-2-2021-64gb-wi-fi-cellular,Tablet
Apple,Apple iPad 10.2 (2021) (256GB) Wi-Fi,apple-ipad-10-2-2021-256gb-wi-fi,Tablet
Apple,Apple iPad 10.2 (2021) (256GB) Wi-Fi + Cellular,apple-ipad-10-2-2021-256gb-wi-fi-cellular,Tablet
Apple,Apple iPad mini (5th gen) (2019) (64GB) Wi-Fi,apple-ipad-mini-5th-gen-2019-64gb-wi-fi,Tablet
Apple,Apple iPad mini (5th gen) (2019) (64GB) Wi-Fi + Cellular,apple-ipad-mini-5th-gen-2019-64gb-wi-fi-cellular,Tablet
Apple,Apple iPad mini (5th gen) (2019) (256GB) Wi-Fi,apple-ipad-mini-5th-gen-2019-256gb-wi-fi,Tablet
Apple,Apple iPad mini (5th gen) (2019) (256GB) Wi-Fi + Cellular,apple-ipad-mini-5th-gen-2019-256gb-wi-fi-cellular,Tablet
Apple,Apple iPad mini (6th gen) (2021) (64GB) Wi-Fi,apple-ipad-mini-6th-gen-2021-64gb-wi-fi,Tablet
Apple,Apple iPad mini (6th gen) (2021) (64GB) Wi-Fi + Cellular,apple-ipad-mini-6th-gen-2021-64gb-wi-fi-cellular,Tablet
Apple,Apple iPad mini (6th gen) (2021) (256GB) Wi-Fi,apple-ipad-mini-6th-gen-2021-256gb-wi-fi,Tablet
Apple,Apple iPad mini (6th gen) (2021) (256GB) Wi-Fi + Cellular,apple-ipad-mini-6th-gen-2021-256gb-wi-fi-cellular,Tablet
Apple,Apple iPad Air (2020) (64GB) Wi-Fi + Cellular,apple-ipad-air-2020-64gb-wi-fi-cellular,Tablet
Apple,Apple iPad Air (2020) (256GB) Wi-Fi + Cellular,apple-ipad-air-2020-256gb-wi-fi-cellular,Tablet
Apple,Apple iPad Air (2022) (64GB) Wi-Fi + Cellular,apple-ipad-air-2022-64gb-wi-fi-plus-cellular,Tablet
Apple,Apple iPad Air (2022) (256GB) Wi-Fi + Cellular,apple-ipad-air-2022-256gb-wi-fi-plus-cellular,Tablet
Apple,Apple iPad Air (2022) (64GB) Wi-Fi,apple-ipad-air-2022-64gb-wi-fi,Tablet
Apple,Apple iPad Air (2022) (256GB) Wi-Fi,apple-ipad-air-2022-256gb-wi-fi,Tablet
HUAWEI,"HUAWEI Matebook D 15, 15.6"", R5 3500U, 8GB/512GB [HUA-53011HYK]",huawei-matebook-d-15-15-6-r5-3500u-8gb-512gb-hua-53011hyk,Laptop
HUAWEI,"HUAWEI MateBook 13, 13"", i7-10510U, 16GB/512GB",huawei-matebook-13-13-i7-10510u-16gb-512gb,Laptop
HUAWEI,"HUAWEI Matebook 14, 14"", R5 4600H, 16GB/512GB [HUA-53011JFH]",huawei-matebook-14-14-r5-4600h-16gb-512gb-hua-53011jfh,Laptop
HUAWEI,"HUAWEI MateBook 13, 13"", R5 3500U, 16GB/512GB",huawei-matebook-13-13-r5-3500u-16gb-512gb,Laptop
HUAWEI,HUAWEI MateBook D 14 i5 (16+512GB),huawei-matebook-d-14-i5-16plus512gb,Laptop
HUAWEI,"HUAWEI MateBook X Pro 2019, 13.9"", i7-8550U, 16GB/512GB",matebook-x-pro-2019-139-i7-8550u-16gb512gb,Laptop
HUAWEI,"HUAWEI MateBook 13, 13"", i7-8565U, 8GB/512GB [53010QNQ]",huawei-matebook-13-13-intel-core-i7-8565u-ram-8gb-512gb-53010qnq-space-grey,Laptop
HUAWEI,"HUAWEI Matebook 14, i5-1135G7, 16GB/512GB [HUA-53011PVM]",huawei-matebook-14-intel-core-i5-1135g7-ram-16gb-512gb-hua-53011pvm,Laptop
HUAWEI,"HUAWEI Matebook 14, 14"", R7 4800H, 16GB/512GB [HUA-53011KDQ]",huawei-matebook-14-14-amd-ryzen-7-4800h-ram-16gb-512gb-hua-53011kdq-space-grey,Laptop
HUAWEI,"HUAWEI MateBook D15, 15.6"", R5 3500U, 8GB/1TB",huawei-matebook-d15-15-6-amd-ryzen-5-3500u-ram-8gb-1000gb-silver,Laptop
HUAWEI,"HUAWEI MateBook X Pro 2020, 13.9"", i7-10510U, 16GB/1TB",huawei-matebook-x-pro-2020-13-9-intel-core-i7-10510u-ram-16gb-1000gb-space-silver,Laptop
HUAWEI,"HUAWEI MateBook D 14, 14"", R7 3700U, 8GB/512GB [HUA-53010XXJ]",huawei-matebook-d-14-14-amd-ryzen-7-3700u-ram-8gb-512gb-hua-53010xxj-mystic-silver,Laptop
HUAWEI,"HUAWEI MateBook D 15, 15.6"", R7 3700U, 8GB/512GB [HUA-53010XXL]",huawei-matebook-d-15-15-6-amd-ryzen-7-3700u-ram-8gb-512gb-hua-53010xxl-mystic-silver,Laptop
HUAWEI,"HUAWEI MateBook 13, 13.3"", i5-10210U, 16GB/512GB",huawei-matebook-13-13-3-i5-10210u-16gb-512gb,Laptop
HUAWEI,"HUAWEI MateBook D 14, 14"", i5-10210U, 8GB/512GB [53011UTP]",huawei-matebook-d-14-14-i5-10210u-8gb-512gb-53011utp,Laptop
HONOR,"HONOR MagicBook 14, 14"", R5 3500U, 8GB/512GB",honor-magicbook-14-14-r5-3500u-8gb-512gb,Laptop
HUAWEI,"HUAWEI MateBook D 15, 15.6"", i5-10210U, 16GB/512GB",huawei-matebook-d-15-15-6-i5-10210u-16gb-512gb,Laptop
HUAWEI,"HUAWEI MateBook D15, 15.6"", i5-1135G7, 16GB/512GB",huawei-matebook-d15-15-6-i5-1135g7-16gb-512gb,Laptop
HUAWEI,"HUAWEI MateBook X Pro 2021, 13.9"", i5-1135G7, 16GB/512GB, Emerald Green",huawei-matebook-x-pro-2021-13-9-i5-1135g7-16gb-512gb-emerald-green,Laptop
HUAWEI,"HUAWEI MateBook X Pro, i7-10510U, 16GB/1TB, Space Grey",huawei-matebook-x-pro-i7-10510u-16gb-1tb-space-grey,Laptop
HUAWEI,"HUAWEI MateBook D 14, 14"", i5-10210U, 16GB/512GB [HUA-53012BYM]",huawei-matebook-d-14-14-i5-10210u-16gb512gb-hua-53012bym,Laptop
HUAWEI,"HUAWEI MateBook D15, 15.6"", i3-10110U, 8GB/256GB",huawei-matebook-d15-15-6-i3-10110u-8gb-256gb,Laptop
HONOR,"HONOR MagicBook 15, 15.6"", i5-1135G7, 16GB/512GB [53011UUY]",honor-magicbook-15-156-i5-1135g7-16gb512gb,Laptop
HUAWEI,"HUAWEI Matebook D 14, 14"", i5-8250U, 8GB/256GB",huawei-matebook-d-14-14-i5-8250u-8gb-256gb,Laptop
HONOR,"Honor MagicBook X 15 -i5, 15.6'', i5-10210U, 8GB/512GB [BBR-WAH9]",honor-magicbook-x-15-15-6-i5-10210u-8gb-512gb,Laptop
HONOR,"HONOR MagicBook X 15, 15.6"", i3-10110U, 8GB/256GB [HON-53011UGE]",honor-magicbook-x-15-15-6-i3-10110u-8gb-256gb,Laptop
realme,"realme Book, 14"", i5-1135G7, 8GB/512GB",realme-book-14-i5-1135g7-8gb-512gb,Laptop
HUAWEI,"HUAWEI MateBook D 15, 15.6"", i5-10210U, 8GB/512GB",huawei-matebook-d-15-15-6-i5-10210u-8gb-512gb,Laptop
HONOR,"HONOR MagicBook 14 AMD, 14"", R5 5500U, 8GB/256GB",honor-magicbook-14-amd-14-r5-5500u-8gb256gb,Laptop
HONOR,"HONOR MagicBook 14 AMD, 14"", R5 5500U, 8GB/512GB",honor-magicbook-14-amd-14-r5-5500u-8gb512gb,Laptop
HONOR,"Honor MagicBook 15 AMD, 15.6"", R5 5500U, 8GB/256GB [BMH-WDQ9HN]",honor-magicbook-15-amd-156-r5-5500u-8gb256gb,Laptop
HUAWEI,"HUAWEI Matebook 13, 13"", R7 4800H, 16GB/512GB",huawei-matebook-13-13-r7-4800h-16gb512gb,Laptop
HUAWEI,"HUAWEI Matebook D14, 14"", i3-10110U, 8/256GB",huawei-matebook-d14-14-i3-10110u-8256gb,Laptop
HUAWEI,"HUAWEI Matebook 14s, 14.2"", i7-11370H, 16GB/1TB",huawei-matebook-14s-142-i7-11370h-16gb1tb,Laptop
HUAWEI,"HUAWEI Matebook 14s, 14.2"", i5-11300H, 8GB/512GB",huawei-matebook-14s-142-i5-11300h-8gb512gb,Laptop
HUAWEI,"HUAWEI Matebook 14, 14"", i5-1135G7, 8GB/512GB",huawei-matebook-14-14-i5-1135g7-8gb512gb,Laptop
HONOR,"HONOR MagicBook Pro, 16.1"", R5 4600H, 16GB/512GB [53011SXX / KCD]",honor-magicbook-pro-16-1-r5-4600h-16gb-512gb,Laptop
Realme,"Realme Book Laptop, 14"", i3-1115G4, 8GB/256GB",realme-book-laptop-14-i3-1115g4-8gb-256gb,Laptop
HUAWEI,"HUAWEI MateBook D15 (2021), 15.6"",  i5-1135G7, 8GB/512GB",huawei-matebook-d15-156-i5-1135g7-8gb512gb,Laptop
HONOR,"HONOR MagicBook 14 AMD, 14"", R5 3500U, 8GB/256GB",honor-magicbook-14-amd-14-r5-3500u-8gb-256gb,Laptop
HONOR,"HONOR MagicBook 14 AMD, 14"", R5 3500U, 16GB/512GB",honor-magicbook-14-amd-14-r5-3500u-16gb-512gb,Laptop
HUAWEI,"HUAWEI Matebook 14s, 14.2"", i7-11370H, 16GB/512GB",huawei-matebook-14s-142-i7-11370h-16gb512gb,Laptop
HONOR,"HONOR Magicbook 16, 16.1"", R7 5800H, 16GB/512GB",honor-magicbook-16-16-1-r7-5800h-16gb-512gb,Laptop
HUAWEI,"HUAWEI MateBook D15 (2021), 15.6"",  i5-1135G7, 8GB/512GB (Intel Iris XE)",huawei-matebook-d15-2021-156-i5-1135g7-8gb512gb-intel-iris-xe,Laptop
